Abell,Bewley,Callthorp,Culpeper,Ferrer,Greville,Isley,Malster,Pemberton,Scollfyld,Tilghman
Abery,Bexley,Campeden,Cunnyngham,Feversham,Grey,Jackmann,Maltoun,Pen,Scot,Tiploft
Acworth,Bigley,Canon,Curson,Ffrewyll,Grobbam,Jackson,Malyns,Penhallick,Scrogs,Topsfield
Adams,Bilingford,Canteys,Curteys,Fienley,Grofhurst,James,Manfield,Pennebrygg,Scrope,Torryngton
Alard,Bischoptree,Cantilupe,Daelyngridge,Finch,Groston,Janner,Manston,Perchehay,Sedley,Tothyll
Albyn,Bishop,Carbonall,Dagworth,Fitzgeffrey,Grove,Jarman,Mapilton,Perot,Sedlow,Town
Aldebourne,Bladwell,Cardiff,Dale,Fitzherbert,Grymbalde,Jay,Marcheford,Perryvalle,Seger,Tregonwell
Alfraye,Blakeley,Carew,Dalison,Fitzlewis,Guildeforde,Jendring,Mareys,Petham,Selwyn,Treningham
Alikok,Blakewell,Carlyll,Damsell,Fitzralph,Gyll,Jenney,Markeley,Petley,Sencler,Trenowyth
Alington,Blaknall,Carter,Danet,Fitzwarym,Gysborne,Johnson,Marsham,Pettit,Sentjohn,Trevet
Alleine,Blakwall,Cary,Danvers,Fitzwilliyam,Gyttyns,Jordan,Marten,Pettwoode,Serche,Trumpington
Amcottes,Blakwell,Caseberde,Darcy,Fleet,Hache,Joslyne,Mason,Peyton,Sever,Tubney
Amondesham,Blenerhayset,Cassy,Darley,Fleming,Hackeman,Joulon,Massyngberde,Phelip,Seymour,Turner
Andrews,Blexham,Castell,Daubernoun,Fletewoode,Haddock,Jowchet,Maudit,Philips,Seyntaubyn,Twarby
Annesley,Blodwell,Castletown,Daunce,Flexney,Haddon,Kekilpenny,Mauntell,Playters,Seys,Tweedye
Ansty,Blome,Catesby,Daundelyon,Flower,Hadresham,Kellett,Maycot,Plessi,Sharman,Tyndall
Archer,Blondell,Cavell,Dauntesay,Fodde,Hakebourne,Kelly,Maydestone,Plymmyswoode,Shawe,Tyrell
Ardalle,Blount,Caxaton,Davers,Fogg,Hale,Kemp,Mayne,Poffe,Sheffeld,Ufford
Arderne,Blundell,Cely,Davy,Foliot,Hall,Kent,Maynwaring,Pole,Sheraton,Underhill
Argentein,Boddinham,Chamburleyn,Dawne,Foljambe,Halley,Keriell,Mede,Polsted,Sherbourne,Unton
Arnold,Bohan,Champneys,Day,Follywolle,Halshan,Kesteven,Medeley,Polton,Sherman,Upton
Arthur,Boote,Chanceler,Deacons,Folon,Hambard,Key,Merden,Porter,Shevington,Urswic
Asger,Boothe,Chancey,Delabere,Folsham,Hammer,Kidwelly,Mereworth,Portyngton,Shingleton,Vass
Ashenhurst,Borell,Chapman,Delamere,Forde,Hamond,Killigrew,Merstun,Potter,Shipwash,Vaughan
Ashtor,Borrow,Charlis,Dely,Fortescue,Hampden,Kinge,Merton,Poulet,Shiveley,Vawdrey
Askew,Bosby,Chase,Demoke,Fortey,Hancock,Knevynton,Metcalf,Pownder,Shorditch,Veldon
Asplyn,Bost,Chatwyn,Dencourt,Fowler,Hansart,Knighton,Michelgrove,Pratt,Shosmyth,Verney
Assheby,Bostock,Chauncey,Dene,Fox,Harbird,Knody,Millys,Pray,Shotbolt,Vernon
Assheton,Boston,Chaundeler,Denton,Francey,Harbotle,Knoyll,Milsent,Prelatte,Shylton,Vinter
Astley,Boteler,Cheberell,Denys,Frankeleyn,Harcourt,Knyvet,Moland,Prophete,Sibill,Wade
Atherton,Bothy,Chechester,Dericote,Fraunces,Hardy,Kottow,Molyngton,Prowd,Silvester,Wadham
Atkinson,Bouldre,Cheddar,Dering,Freer,Harewell,Kydwelly,Molyns,Purlles,Skipwith,Wake
Atlee,Bourne,Chelde,Deryngton,Freville,Hargreve,Kyllyngworth,Monde,Pursglove,Sleford,Waldegrave
Addicock,Boville,Chelseye,Desford,Frilende,Harlakinden,Kyrkeby,Montacute,Purvoche,Slyfield,Waldeley
Attilburgh,Bowcer,Chernocke,Digby,Frilleck,Harleston,Kytson,Montagu,Pygott,Smith,Walden
Aubrey,Bowett,Chester,Dixton,Frogenhall,Harley,la Barre,Moore,Pylet,Snayth,Walford
Audeley,Bownell,Chetwoode,Doddle,Fromond,Harpeden,la Hale,More,Pynnoke,Snell,Walkden
Auldyngton,Bowthe,Cheyne,Dogmersfield,Froste,Harper,la Penne,Morecote,Pynty,Snelling,Walker
Aumberden,Bowyar,Child,Donnet,Frowseloure,Harris,Lacy,Morley,Quintin,Sotton,Wallace
Ayde,Bradbridge,Chowne,Doreward,Frye,Harryses,Laken,Mortymer,Radley,Sparrow,Walley
Ayleward,Bradshawe,Chudderle,Dormer,Fryth,Harte,Lamber,Moryet,Rampston,Spebynton,Walrond
Aylmer,Bradstane,Churmound,Dove,Fulburne,Harwood,Lambton,Morys,Ramsey,Speir,Walsch
Aynesworth,Bradston,Chylton,Dow,Fulmer,Hasard,Langeton,Motesfont,Ratcliff,Spelman,Waltham
Ayshecombe,Bramfield,Chyrche,Downer,Funteyn,Hatteclyff,Langham,Mowfurth,Rawlyn,Spencer,Walton
Babham,Brampton,Claimond,Draper,Furnace,Haukesworth,Langstone,Mugge,Rawson,Spetyll,Wanteley
Babyngton,Branche,Clarell,Draw,Fynderne,Hawkins,Lappage,Mullens,Raynsford,Spicer,Wappelode
Bacon,Branwhait,Clark,Drayton,Fyneux,Hawtrey,Latham,Muston,Rede,Sprottle,Warbulton
Badby,Brassie,Clavell,Driland,Fysher,Haye,Latton,Myddilton,Redman,Sprunt,Warde
Bailey,Braunstone,Claybrook,Dryden,Fitton,Hayes,Launceleyn,Myllet,Reeve,Stace,Wardeby
Baker,Bray,Cleffort,Dunch,Gage,Hayton,Lave,Mylner,Reynes,Stanbury,Wardrieu
Balam,Brayles,Clement,Duncombe,Galey,Helme,Lawnder,Narbrige,Reynesford,Standon,Wardyworth
Baldwin,Brecknock,Clerk,Dunham,Garard,Henshawe,le Bone,Nash,Richeman,Stanley,Warner
Ballard,Bredham,Clifton,Duredent,Gardyner,Herleston,Leeche,Neceham,Rikhill,Stanwix,Warren
Ballett,Brent,Clitherow,Dusteby,Gare,Heron,Leeds,Nele,Risley,Staple,Wayte
Bamard,Bret,Clopton,Dye,Garneys,Hertcombe,Lehenard,Nevinson,Roberts,Staunton,Webb
Barantyn,Brewse,Clyfford,Dygenys,Garret,Herwy,Leigh,Newdegate,Robertson,Staverton,Weekes
Barber,Brewster,Cobbe,Dyneley,Gascoigne,Hewes,Leighlin,Newman,Robins,Stepney,Welbek
Bardolf,Brewys,Cobham,Dynham,Gasper,Heydon,Leman,Noke,Robynson,Stevyn,Welby
Baret,Bridgeman,Coblegh,Echyngham,Gavell,Heywood,Lenton,Norbury,Rochester,Stodeley,Wellins
Barfoot,Briggs,Cockayne,Edgar,Gaynesford,Heyworth,Lestrange,Norden,Rochforth,Stoke,Wenman
Barker,Brinckhurst,Cod,Edgcomb,Geddyng,Hicchecok,Letterford,Norrys,Roland,Stokerton,Wensley
Barnes,Brodeway,Codington,Edgerley,Geffray,Higate,Leventhorpe,North,Rolleston,Stokes,West
Barre,Brodnax,Coffyn,Edwards,George,Higden,Leverer,Northwoode,Rondel,Stokey,Westbrook
Barrentyne,Brokhill,Coggeshall,Egerton,Gerard,Hille,Leveson,Norton,Ront,Stokton,Westlake
Barstaple,Brocksby,Colard,Eggerley,Gerville,Hoare,Lewys,Norwich,Roper,Stocks,Weston
Bartelot,Brome,Colby,Eglisfelde,Geste,Hobart,Leynham,Norwood,Rotheley,Stone,Wetherden
Barton,Brook,Cole,Eldysley,Gibbs,Hobert,Leynthall,Notfelde,Rous,Stoner,Wexcombe
Basset,Brougham,Colkins,Elmebrigge,Gifford,Hodgeson,Lichefield,Notyngham,Rowdon,Stoughton,Whalley
Batherst,Broughton,Colmer,Elyot,Gilbert,Holbrook,Livesey,Nysell,Rowe,Strachleigh,White
Battersby,Brouncker,Colt,Elys,Ginter,Holcot,Lloyd,Obson,Rowlatt,Strader,Whitewood
Battyl,Brownflet,Complyn,Emerson,Glenham,Holes,Lockton,Oke,Rowley,Strangewayes,Whowood
Baynton,Brownyng,Compton,Engeham,Glennon,Holland,Lodyngton,Oken,Rudhall,Strelley,Whytton
Beauchamp,Browet,Conquest,Engleford,Glover,Holsey,Lond,Oliver,Rufford,Strete,Whytyng
Beaumont,Brown,Cooke,Englysche,Goberd,Holt,London,Olyngworthe,Ruggenale,Stubbe,Wightman
Beaurepaire,Brudenell,Coorthopp,Epworth,Goddam,Holton,Long,Osborne,Ruggeweyn,Styles,Wilkins
Bedell,Bryan,Copinger,Erewaker,Godfrey,Hopton,Longton,Osteler,Rusche,Stylle,Willardsey
Bedgbery,Bryn,Corbett,Ermyn,Golde,Horman,Lovell,Osyllbury,Russell,Styward,Williams
Bedingfeld,Brystowe,Corby,Ertham,Golding,Hornebolt,Loveney,Outlawe,Ryall,Sulyard,Willmer
Beel,Bulkeley,Cosworth,Esmund,Goldwell,Hornley,Loveryk,Oxenbrigg,Rykeworth,Sumner,Willys
Beer,Bulstrode,Cossale,Estbury,Gomersall,Horsey,Lowe,Page,Rynger,Swan,Wilson
Bekyngham,Burgess,Cosyngton,Estney,Gomfrey,Horthall,Lowthe,Pagge,Ryppringham,Swetecok,Windham
Bell,Burgh,Cotton,Estone,Gonson,Horton,Lucy,Palmer,Sacheverell,Swetenham,Wingfield
Bende,Burghehyll,Coulthurst,Etton,Good,Hosteler,Ludsthorp,Panshawe,Sackville,Switte,Wiseman
Bennet,Burgoyn,Courtenay,Everard,Goodenouth,Hotham,Luke,Papley,Sadler,Symeon,Woodbrygge
Benthey,Burlton,Covert,Everdon,Goodere,Howard,Lumbarde,Parker,Salford,Symons,Woode
Berdwell,Burnell,Cowill,Evrenden,Goodluck,Huchenson,Lupton,Parret,Salle,Tabard,Woodeward
Berecraft,Burton,Cox,Evyngar,Goodnestone,Huddleston,Lyfelde,Parris,Salter,Tame,Wolrond
Beresford,Buryngton,Crane,Eyer,Goodryke,Hugeford,Lymsey,Parsons,Saltonstall,Taylor,Wolstonton
Berkhead,Bushe,Cranford,Eyston,Goodryngton,Hunden,Lynde,Paston,Sampson,Tedcastle,Worsley
Bernard,Buslingthorpe,Crawley,Fabyan,Goodwyn,Hungate,Lyon,Pattesley,Samuell,Theobauld,Wotton
Bernewelt,Bushbury,Crekett,Faldo,Goring,Hunston,Lyrypine,Payne,Sanburne,Thomas,Wreke
Berney,Butler,Cressy,Fane,Gorney,Hurst,Lysle,Peacok,Sandes,Thornburgh,Wrenne
Berry,Byfield,Crispe,Faryndon,Gorste,Hussey,Lytcott,Pecke,Saunders,Thorne,Wright
Berwyk,Byllyng,Cristemas,Faylare,Gosebourne,Hyde,Lyttleburye,Peckham,Saunterton,Thornton,Wulvedon
Best,Byngham,Crocker,Fayneman,Grafton,Hyenson,Lytton,Peele,Savill,Thorp,Wyard
Beton,Byrde,Crugge,Felbrigg,Greenway,Hylderley,Lyveryche,Pekham,Sayer,Throkmorton,Wyatt
Bettesthorne,Byschoppeson,Cryppys,Feld,Grene,Hyll,Makepiece,Peletoot,Saynsbery,Thursby,Wyddowsoun
Bewforest,Caley,Cuddon,Fenton,Grenefeld,Inwood,Malemayns,Peltie,Scarclyf,Tibborde,Wyghtham
